PROGRAM NAME,COURSE CODE,WIL TYPE,Contact Name,Address,City,"22F
# of Students Placed",PAC/PLACE/CAREER
Collborative Nursing,,,Felicia,"Ouellette Ave, Windsor, ON N9A 4J8",Windsor,3,placement
Business Administration - Human Resources,,,Michelle,Sandwich St S. ,Windsor,3,placement
Office Administration - Executive,,,Alicia,City Hall Square Eas,Windsor,3,placement
Diagnostic Medical Sonography ,,,Michael,Multiple locations,Other,1,placement
Diagnostic Medical Sonography ,,,Goran,Multiple locations,Other,,placement
Early Childhood Education,,,Penny,"Malden Rd, Unit",Windsor,,placement
Dental Assisting Level I and II,DTL 175A,Simulation,Melissa,"Union St E, Arkona, ON N0M 1B0",Arkona,,placement
Dental Assisting Level I and II,DTL 175A,Simulation,Jas,"Tecumseh Rd. E. Suite , Windsor, ON N8X 4X9",Windsor,,placement
Dental Assisting Level I and II,DTL 175A,Simulation,0,"Erie St. S. Unit, Leamington, ON",Leamington,,placement
Dental Assisting Level I and II,DTL 175A,Simulation,Britney,"Adelaide Street N, London, ON",London,,placement
Dental Assisting Level I and II,DTL 175A,Simulation,0,"Dougall Ave. Suite , Windsor, ON N9E 1S2",Windsor,2,placement
Dental Assisting Level I and II,DTL 175A,Simulation,Niki,"Tecumseh Rd. E. Suite #, Windsor ON, N8T 1G3",Windsor,1,placement
Dental Assisting Level I and II,DTL 175A,Simulation,0,"Tecumseh Rd E, Windsor, ON N8N 1M5",Windsor,4,placement
Dental Assisting Level I and II,DTL 175A,Simulation,Tammy,"Ontario St, Stratford, ON N5A 3J5",Stratford,3,placement
Dental Assisting Level I and II,DTL 175A,Simulation,G,"Erie St. S., Leamington, ON N8H 5J6",Leamington,1,placement
Dental Assisting Level I and II,DTL 175A,Simulation,0,"Wyandotte St. W. Windsor, ON N9B 1J8",Windsor,1,placement
Dental Assisting Level I and II,DTL 175A,Simulation,Ken,"Victoria Ave., Belleville, ON K8N 2B1",Belleville,1,placement
Dental Assisting Level I and II,DTL 175A,Simulation,Jennifer,"Tecumseh Rd. E., Windsor, ON N8T 3K7",Windsor,4,placement
Dental Assisting Level I and II,DTL 175A,Simulation,Angela,"Huron Church Rd., Windsor, ON",Windsor,2,placement
Dental Assisting Level I and II,DTL 175A,Simulation,0,"Broadway, Tillsonburg, ON N4G 3S7",Tillsonburg,2,placement
Dental Assisting Level I and II,DTL 175A,Simulation,0,"Grand Avenue East, Chatham, ON, N7L 1X1",Chatham,2,placement
Dental Assisting Level I and II,DTL 175A,Simulation,0,"Oak St. E., Leamington, ON N8H 4V4",Leamington,3,placement
Dental Assisting Level I and II,DTL 175A,Simulation,Sherry,"Cabana Rd. E., Windsor, ON ",Windsor,5,placement
Dental Assisting Level I and II,DTL 175A,Simulation,Jennifer,"Sunset Ave., Windsor, ON N9B 3P4",Windsor,6,placement
Dental Assisting Level I and II,DTL 175A,Simulation,0,"Centre Rd, Strathroy, ON N7G 3H6",Strathroy,,placement
Dental Assisting Level I and II,DTL 175A,Simulation,"Megan,","Cathcart Blvd,Sarnia, ON N7S 2Z4",Sarnia,,placement
Dental Assisting Level I and II,DTL 175A,Simulation,"Josi,","Grand Marais  Rd. W. Windsor, ON N9E 1E5",Windsor,,placement
Dental Assisting Level I and II,DTL 175A,Simulation,Laura,"Essex County Rd. 22 #, Emeryville, ON N0R 1C0",Emeryville,,placement
Dental Assisting Level I and II,DTL 175A,Simulation,Ruth,"Tecumseh Rd E, Windsor, ON N8W 1H8",Windsor,,placement
Dental Assisting Level I and II,DTL 175A,Simulation,Charles,"Tecumseh Rd. E. #140, Windsor, ON N8X 4X9",Windsor,,placement
Dental Assisting Level I and II,DTL 175A,Simulation,Elizabeth,"Finch Dr. Unit, Sarnia, ON N7S 6G5",Sarnia,,placement
Dental Assisting Level I and II,DTL 175A,Simulation,"Mona,","Creditview Rd Unit , Mississauga, ON L5V 2A8",Mississauga,,placement
Dental Assisting Level I and II,DTL 175A,Simulation,Wendy,"Walker Rd, Windsor ON, N8Y 4X9",Windsor ON,,placement
Dental Assisting Level I and II,DTL 175A,Simulation,De,"Erie St. E., Windsor, ON N9A 3X9",Windsor,,placement
Dental Assisting Level I and II,DTL 175A,Simulation,Derek,"Essex County Rd. 22, Emeryville, ON N0R 1C0",Emeryville,,placement
Dental Assisting Level I and II,DTL 175A,Simulation,0,"North Service Rd. E. Unit, Windsor, ON N8W 5R7",Windsor,,placement
Dental Assisting Level I and II,DTL 175A,Simulation,Katie,"Wyandotte St. E., Windsor, ON N8S 1M6",Windsor,,placement
Dental Assisting Level I and II,DTL 175A,Simulation,M.,"Duncan St., Wallaceburg, ON N8A 4E2",Wallaceburg,,placement
Dental Assisting Level I and II,DTL 175A,Simulation,Katie,"King St E, Kitchener, ON N2P 2E9",Kitchener,,placement
Dental Assisting Level I and II,DTL 175A,Simulation,0,"Howard Ave. #1, Windsor, ON N8X 4Z3",Windsor,,placement
Dental Assisting Level I and II,DTL 175A,Simulation,Jane,"Tecumseh Rd., Windsor, ON N8N 1M5",Windsor,2,placement
Dental Assisting Level I and II,DTL 175A,Simulation,Nora,"Dougall Ave. Suite, Winsdor, ON N9E 1S8",Winsdor,1,placement
Dental Assisting Level I and II,DTL 175A,Simulation,Margo,"Harvey St., Chatham, ON N7M 1L5",Chatham,4,placement
Dental Assisting Level I and II,DTL 175A,Simulation,0,"Dougall Ave. Unit Windsor, ON N9G 1X2",Windsor,3,placement
Dental Assisting Level I and II,DTL 175A,Simulation,"Iliana,","Tecumseh Rd E #2, Windsor, ON N8W 1H6",Windsor,1,placement
Dental Assisting Level I and II,DTL 175A,Simulation,Brode ,"Forest Glade, Windsor, ON N8R 1W6",Windsor,1,placement
Dental Assisting Level I and II,DTL 175A,Simulation,"Corrie,","N Centre Rd. Suite , London, ON N5X 4E7",London,1,placement
Dental Assisting Level I and II,DTL 175A,Simulation,Linda;,"Walker Rd., Windsor, ON N8W 5L7",Windsor,4,placement
Dental Assisting Level I and II,DTL 175A,Simulation,Craven,"Ingersoll Ave. Suite, Woodstock, ON N4S 4X9",Woodstock,2,placement
Dental Assisting Level I and II,DTL 175A,Simulation,0,"Ouellette Ave. Windsor, ON N9A 1B3",Windsor,2,placement
Dental Assisting Level I and II,DTL 175A,Simulation,Rocca,"Michigan Ave., Point Edward, ON N7V 1G8",Point Edward,2,placement
Dental Assisting Level I and II,DTL 175A,Simulation,Amanda,"Main St. E., Kingsville, ON N9Y 1A3",Kingsville,3,placement
Dental Assisting Level I and II,DTL 175A,Simulation,Pamela,"Howard Ave, Windsor, ON N8X 3V6",Windsor,5,placement
Dental Assisting Level I and II,DTL 175A,Simulation,"Jennifer,","Exmouth St, Sarnia, ON N7T 5P7",Sarnia,6,placement
Dental Assisting Level I and II,DTL 175A,Simulation,Carrie,"Front Rd, Windsor, ON N9J 2B6",Windsor,,placement
Dental Assisting Level I and II,DTL 175A,Simulation,Dorothy,"Princess St, Leamington, ON N8H 2Y3",Leamington,,placement
Dental Assisting Level I and II,DTL 175A,Simulation,Michaela,"Lakeshore Rd., Sarnia, ON N7V 2V8",Sarnia,2,placement
Dental Assisting Level I and II,DTL 175A,Simulation,0,"Cabana Rd E, Windsor, ON N9G 1A5",Windsor,1,placement
Dental Assisting Level I and II,DTL 175A,Simulation,0,"Robson Rd., Leamington, ON N8H 2M8",Leamington,4,placement
Dental Assisting Level I and II,DTL 175A,Simulation,Stelica,"Pelissier St, Windsor, ON N9A 4L1",Windsor,3,placement
Dental Assisting Level I and II,DTL 175A,Simulation,Natasha,"Eugenie St. E. 2nd Floor, Windsor, ON N8X 2X8",Windsor,1,placement
Dental Assisting Level I and II,DTL 175A,Simulation,Debbie,"Richmond St. Amherstburg, ON N9V 1G2",Amherstburg,1,placement
Dental Assisting Level I and II,DTL 175A,Simulation,Debbie,"Tecumseh Rd. E., Windsor, ON N8R 1A5",Windsor,1,placement
Dental Assisting Level I and II,DTL 175A,Simulation,Laurie,"Main St. E., Kingsville, ON N9Y 1H1",Kingsville,4,placement
Dental Assisting Level I and II,DTL 175A,Simulation,Debbie,"Gosfield Townline E., Essex, ON N8M 2R5",Essex,2,placement
Dental Assisting Level I and II,DTL 175A,Simulation,Eksa,"Talbot St. S. Suite , Essex, ON N8M 1B6",Essex,2,placement
Dental Assisting Level I and II,DTL 175A,Simulation,Tenecia,"Sandwich W Pkwy #900, Lasalle, ON N9H 2S4",Lasalle,2,placement
Dental Assisting Level I and II,DTL 175A,Simulation,"Aversa,","Howard Ave., Windsor, ON N8X 3W7",Windsor,3,placement
Dental Assisting Level I and II,DTL 175A,Simulation,"Tina,","Crownridge Blvd, Amherstburg, ON N9V 3W3",Amherstburg,5,placement
Dental Assisting Level I and II,DTL 175A,Simulation,Britney,"Main St Unit #, Glencoe, ON N0L 1M0",Glencoe,6,placement
Dental Assisting Level I and II,DTL 175A,Simulation,Sue,"Ontario St S, Grand Bend, ON N0M 1T0",Grand Bend,2,placement
Dental Assisting Level I and II,DTL 175A,Simulation,Ayron,"Main St N, Grand Valley, ON L9W 5S6",Grand Valley,1,placement
Dental Assisting Level I and II,DTL 175A,Simulation,Brandi,"Manning Rd., Tecumseh, ON N8N 2L9",Tecumseh,4,placement
Dental Assisting Level I and II,DTL 175A,Simulation,Sydney,"Dougall Ave., Windsor, ON N9E 0A2",Windsor,3,placement
Dental Assisting Level I and II,DTL 175A,Simulation,0,"Grand Marais Rd. W #100 Windsor, ON N9E 1E3",Windsor,1,placement
Dental Assisting Level I and II,DTL 175A,Simulation,Tracy,"Erie St. S., Harrow, ON N0R 1G0",Harrow,1,placement
Dental Assisting Level I and II,DTL 175A,Simulation,Melanie,"Baldoon Rd., Chatham ON N7L 0C1",Chatham,1,placement
Dental Assisting Level I and II,DTL 175A,Simulation,Gloria,"Tecumseh Rd E. Suite, Windsor, ON N8X 4X9",Windsor,4,placement
Dental Assisting Level I and II,DTL 175A,Simulation,"Candace,","Erie St. N., Leamington, ON N8H 2Z4",Leamington,2,placement
Dental Assisting Level I and II,DTL 175A,Simulation,Courtney,"Main St. E., Kingsville, ON N9Y 1A1",Kingsville,2,placement
Dental Assisting Level I and II,DTL 175A,Simulation,0,"Main St. E., Kingsville, ON N9Y 1A6",Kingsville,2,placement
Dental Assisting Level I and II,DTL 175A,Simulation,Jill,"Notre Dame St., Belle River, ON N0R 1A0",Belle River,3,placement
Dental Assisting Level I and II,DTL 175A,Simulation,Jessica,"Advance Blvd. #170, Tecumseh, ON N8N 0B8",Tecumseh,5,placement
Dental Assisting Level I and II,DTL 175A,Simulation,Mike,"Exmouth St., Sarnia, ON N7T 5N8",Sarnia,6,placement
Dental Assisting Level I and II,DTL 175A,Simulation,Nicole,"Malden Rd., Windsor, ON N9H 1S4",Windsor,2,placement
Dental Assisting Level I and II,DTL 175A,Simulation,Nguyen;,"Clark St. W., Leamington, ON N8H 1E4",Leamington,1,placement
Dental Assisting Level I and II,DTL 175A,Simulation,Sabrina,"Lauzon Rd Windsor, ON N8S 3M9",Windsor,4,placement
Dental Assisting Level I and II,DTL 175A,Simulation,Amy,"Grand Ave W, Chatham-Kent, ON N7L 1C2",Chatham,3,placement
Dental Assisting Level I and II,DTL 175A,Simulation,0,"Tecumseh Rd. E., Windsor, ON N8W 1C6",Windsor,1,placement
Dental Assisting Level I and II,DTL 175A,Simulation,Mena,"Malden Rd., Windsor, ON N9H 1S6",Windsor,1,placement
Dental Assisting Level I and II,DTL 175A,Simulation,Melissa,"McNaughton Ave., Wallaceburg, Ontario N8A 1R9",Wallaceburg,1,placement
Dental Assisting Level I and II,DTL 175A,Simulation,Jennifer,"Glendon Dr. Unit, Komoka, ON N0L 1R0",Komoka,4,placement
Dental Assisting Level I and II,DTL 175A,Simulation,Debbie,"Tecumseh Rd. E., Windsor ON N8W 1K6",Windsor,2,placement
Dental Assisting Level I and II,DTL 175A,Simulation,"Marilyn,","Erie St. S., Leamington, ON",Leamington,2,placement
Dental Assisting Level I and II,DTL 175A,Simulation,Lisa,"Grand Ave E, Chatham-Kent, ON N7L 3Z2",Chatham,2,placement
Dental Assisting Level I and II,DTL 175A,Simulation,Amrochi,"Mill Rd Unit, Mount Brydges, ON N0L 1W0",Mount Brydges,3,placement
Dental Assisting Level I and II,DTL 175A,Simulation,Debbie,"Concession Dr, Newbury, ON N0L 1Z0",Newbury,5,placement
Dental Assisting Level I and II,DTL 175A,Simulation,Krystle,"St. Clair St., Chatham, ON N7L 3K6",Chatham,6,placement
Dental Assisting Level I and II,DTL 175A,Simulation,"Rebeca,","Carling Ave., Ottawa, ON K1Z 8R9",Ottawa,,placement
Dental Assisting Level I and II,DTL 175A,Simulation,Dennis,"Sandwich St. S., Amherstburg, ON N9V 1Z9",Amherstburg,,placement
Dental Assisting Level I and II,DTL 175A,Simulation,Michael,"Albany St., Petrolia, ON",Petrolia,,placement
Dental Assisting Level I and II,DTL 175A,Simulation,Jennifer,"Talbot St. S., Essex, ON N8M 1B3",Essex,,placement
Dental Assisting Level I and II,DTL 175A,Simulation,Zachary,"Provincial Rd. #1, Windsor, ON N8W 5V7",Windsor,,placement
Dental Assisting Level I and II,DTL 175A,Simulation,Heba,"Tecumseh Rd. E., Windsor, ON N8X 5E8",Windsor,,placement
Dental Assisting Level I and II,DTL 175A,Simulation,Jen,"Dougall Avenue, Windsor, ON, N9G 1X3",Windsor,,placement
Dental Assisting Level I and II,DTL 175A,Simulation,0,Lesperance Rd. Tecumseh ON N8N 1W8,Tecumseh,,placement
Dental Assisting Level I and II,DTL 175A,Simulation,Sharon,"Tecumseh Rd. W., Windsor, ON N9B 1T5",Windsor,,placement
Dental Assisting Level I and II,DTL 175A,Simulation,"Carolyn,","Ouellette Ave, Windsor, ON N9A 1C9",Windsor,,placement
Dental Assisting Level I and II,DTL 175A,Simulation,Brittany,"Broadway Suite , Tillsonburg, ON N4G 5K9",Tillsonburg,,placement
Dental Assisting Level I and II,DTL 175A,Simulation,Bianca,"Southdale Rd. E., London, ON N6E 3M2",London,,placement
Dental Assisting Level I and II,DTL 175A,Simulation,Jolanta,"City Centre Dr., # Mississauga , ON  L5B 1M3",Mississauga,,placement
Dental Assisting Level I and II,DTL 175A,Simulation,"Danielle,","-  Main Street East, Kingsville, ON N9Y 1A5",Kingsville,,placement
Dental Assisting Level I and II,DTL 175A,Simulation,Amanda,"Tecumseh Rd. E. Suite, Windsor, ON N8X 4E7",Windsor,,placement
Dental Assisting Level I and II,DTL 175A,Simulation,"Heather,","Tecumseh Rd. E., Windsor, ON N8N 3N7",Windsor,2,placement
Dental Assisting Level I and II,DTL 175A,Simulation,0,"Steeles Ave., Brampton, ON L6Y 4E7",Brampton,1,placement
Dental Assisting Level I and II,DTL 175A,Simulation,0,"Airport Rd. #2, Mississauga, ON L4T 2H5",Mississauga,4,placement
Dental Assisting Level I and II,DTL 175A,Simulation,"Courtney,","Caradoc St. South Unit , Strathroy, ON, N7G 2P3",Strathroy,3,placement
Dental Assisting Level I and II,DTL 175A,Simulation,Sandy,Grand Marais Rd. W Windsor ON N9E 1E2,Windsor,1,placement
Dental Assisting Level I and II,DTL 175A,Simulation,Britney,"Victoria Street, Thamesville, ON",Thamesville,1,placement
Dental Assisting Level I and II,DTL 175A,Simulation,Rochelle,"Ouellette Ave., Windsor, ON N8X 1K7",Windsor,1,placement
Dental Assisting Level I and II,DTL 175A,Simulation,Debbie,"Jeffrey St W, Tilbury, ON N0P 2L0",Tilbury,4,placement
Dental Assisting Level I and II,DTL 175A,Simulation,Nathan,"Broadway Apt 100, Tillsonburg, ON N4G 0H8",Tillsonburg,2,placement
Dental Assisting Level I and II,DTL 175A,Simulation,"Angela,","Sprucewood Ave, Windsor, ON N9J 1X7",Windsor,2,placement
Dental Assisting Level I and II,DTL 175A,Simulation,Eksa,"Lesperance Rd, Windsor, ON N8N 1Y3",Windsor,2,placement
Dental Assisting Level I and II,DTL 175A,Simulation,Denise,"Hawthorne Dr., Windsor, ON N8T 3N3",Windsor,3,placement
Dental Assisting Level I and II,DTL 175A,Simulation,Pona,"Walker Rd. Suite, Windsor, ON N8Y 4T9",Windsor,5,placement
Dental Assisting Level I and II,DTL 175A,Simulation,"Jody,","Ottawa St., Windsor, ON N8X 2E8",Windsor,6,placement
Dental Assisting Level I and II,DTL 175A,Simulation,"Megan,","Dufferin Ave, Wallaceburg, ON N8A 2W3",Wallaceburg,,placement
Dental Assisting Level I and II,DTL 175A,Simulation,AnneMarie,"Tecumseh Rd. E., Windsor, ON N8T 1C2",Windsor,,placement
Dental Assisting Level I and II,DTL 175A,Simulation,Jennifer,"Electricity Dr., Windsor, ON N8W 5J1",Windsor,,placement
Dental Assisting Level I and II,DTL 175A,Simulation,"Anderson,","Tecumseh Rd. E., Windsor, ON N8T 1C7",Windsor,,placement
Dental Assisting Level I and II,DTL 175A,Simulation,Lisa,"Wyandotte St. E., Windsor, ON N9Y 1H1",Windsor,,placement
Dental Assisting Level I and II,DTL 175A,Simulation,Anne,"Walker Rd. #250, Windsor ",Windsor,,placement
Dental Assisting Level I and II,DTL 175A,Simulation,Mark,"Walker Rd., Windsor, ON N8W 5L7",Windsor,,placement
Dental Assisting Level I and II,DTL 175A,Simulation,Britney,"Oxford Street E, London, ON",London,,placement
Dental Assisting Level I and II,DTL 175A,Simulation,Aleshia,"Green St, Waterford, ON N0E 1Y0",Waterford,,placement
Dental Assisting Level I and II,DTL 175A,Simulation,Britney,"Watford, ON",Watford,,placement
Dental Assisting Level I and II,DTL 175A,Simulation,Danielle,"Dundas St, Woodstock, ON N4S 1B2",Woodstock,,placement
Dental Assisting Level I and II,DTL 175A,Simulation,Baillee,"Queen Street East, Sault Ste. Marie, ON  P6A 1Z1",Sault Ste. Marie,,placement
Dental Assisting Level I and II,DTL 175A,Simulation,Denise,"Anchor Dr, Windsor, ON N8N 5G1",Windsor,,placement
Advanced Medical Esthetics Practitioner,MES 300,Simulation,Fawn,"Malden Rd #4, Windsor (LaSalle), ON N9H 1S7 ",LaSalle,,placement
Advanced Medical Esthetics Practitioner,MES 300,Simulation,Ginger,"Goyeau St, Windsor, ON N9A 1G5",Windsor,,placement
Advanced Medical Esthetics Practitioner,MES 300,Simulation,Sandra,"Deziel Dr Suite , Windsor, ON N8W 5K8 ",Windsor,,placement
Advanced Medical Esthetics Practitioner,MES 300,Simulation,Krystal,"Chilver Rd UnitWindsor, ON N8Y 2K2 ",Windsor,,placement
Advanced Medical Esthetics Practitioner,MES 300,Simulation,Cathy,"Lachance, Tecumseh, ON N8N 1L5 ",Tecumseh,,placement
Advanced Medical Esthetics Practitioner,MES 300,Simulation,Nadia,"Dougall Ave., Windsor ",Windsor,,placement
Advanced Medical Esthetics Practitioner,MES 300,Simulation,Laura,"Ouellette Ave., Windsor",Windsor,,placement
Advanced Medical Esthetics Practitioner,MES 300,Simulation,0,"Amy Croft Dr, Tecumseh, ON N8N 2L9 ",Tecumseh,,placement
Advanced Medical Esthetics Practitioner,MES 300,Simulation,Aida,"Lambert St. Amherstburg, Ontario N9A 0A9 ",Amherstburg,,placement
Advanced Medical Esthetics Practitioner,MES 300,Simulation,Joey,"Provincial Rd., Windsor N8W 5W1 ",Windsor,,placement
Advanced Medical Esthetics Practitioner,MES 300,Simulation,"Suheir,","Jackson Park Health Center, McDougall St Suite , Windsor, ON",Windsor,,placement
Advanced Medical Esthetics Practitioner,MES 300,Simulation,Jana,Pelissier St. Suite Windsor,Windsor,,placement
Advanced Medical Esthetics Practitioner,MES 300,Simulation,0,"Manning Road, Suite , Tecumseh, ON",Tecumseh,,placement
Advanced Medical Esthetics Practitioner,MES 300,Simulation,Teresa,"Dougall Ave, Windsor, ON N9G 1X2; 1695 Manning Rd. Tecumseh N8N 2L9 ",Windsor,,placement
Advanced Medical Esthetics Practitioner,MES 300,Simulation,"Deirdre,",Amy Croft Dr. ,Windsor,,placement
Advanced Medical Esthetics Practitioner,MES 300,Simulation,Abby,"Main Street E., Kingsville, ON N9Y 1A2",Kingsville,,placement
Advanced Medical Esthetics Practitioner,MES 300,Simulation,"Shelby,","Talbot St N, Essex, ON N8M 2C4",Essex,,placement
Advanced Medical Esthetics Practitioner,MES 300,Simulation,0,"Windsor Ave, Suite, Windsor ON",Windsor,,placement
Advanced Medical Esthetics Practitioner,MES 300,Simulation,Laura,"Dougall Ave Uni, Windsor, ON N8X 5A7",Windsor,,placement
Advanced Medical Esthetics Practitioner,MES 300,Simulation,Rana,"Tecumseh Rd E, Windsor, ON",Windsor,,placement
Advanced Medical Esthetics Practitioner,MES 300,Simulation,Sandra,"Deziel Dr Suite # , Windsor, ON N8W 5K8",Windsor,,placement
Advanced Medical Esthetics Practitioner,MES 300,Simulation,Ruth,Walker Rd,Windsor,,placement
Advanced Medical Esthetics Practitioner,MES 300,Simulation,Tracey,"Tecumseh Rd E, Windsor, ON",Windsor,,placement
Advanced Medical Esthetics Practitioner,MES 300,Simulation,"Vanessa,","Dougall Ave, Windsor, ON N9E 1S4 ",Windsor,,placement
Advanced Medical Esthetics Practitioner,MES 300,Simulation,Atoe,"William Street South Chatham, ON N7M 6B3 ",Chatham,,placement
Advanced Medical Esthetics Practitioner,MES 300,Simulation,Laura,Malden Rd #114 Lasalle ON N9H 1S3,LaSalle,,placement
Advanced Medical Esthetics Practitioner,MES 300,Simulation,Jessica,"Tecumseh Rd E. Tecumseh, ON N8N 3T0 ",Tecumseh,,placement
Advanced Medical Esthetics Practitioner,MES 300,Simulation,Ella,"Tecumseh Rd E, Windsor, ON N8T 1E7 ",Windsor,,placement
Advanced Medical Esthetics Practitioner,MES 300,Simulation,Jennifer,"Ouellette Ave, Windsor, ON N8X 1K7 ",Windsor,,placement
Advanced Medical Esthetics Practitioner,MES 300,Simulation,Madalina,"Banwell Rd #100, Windsor, ON (Inside Design)",Windsor,,placement
Advanced Medical Esthetics Practitioner,MES 300,Simulation,Nicole,"Ottawa St, Windsor, ON N8X 2E6 ",Windsor,,placement
Advanced Medical Esthetics Practitioner,MES 300,Simulation,0,"Front Rd. Lasalle, ON",LaSalle,,placement
Advanced Medical Esthetics Practitioner,MES 300,Simulation,Hebah,"Howard Ave, Windsor, ON",Windsor,,placement
Advanced Medical Esthetics Practitioner,MES 300,Simulation,AK,Tecumseh Rd E. Windsor,Windsor,,placement
Advanced Medical Esthetics Practitioner,MES 300,Simulation,Micha,"Remark Dr, Kingsville, Ontario N9Y 3X6",Kingsville,2,placement
Advanced Medical Esthetics Practitioner,MES 300,Simulation,Monica,"Tecumseh Rd E, Windsor, ON N8R 1A5",Windsor,1,placement
Advanced Medical Esthetics Practitioner,MES 300,Simulation,Pam,Cabana Rd E Suite  Windsor ON N8X 3W7 ,Windsor,4,placement
Advanced Medical Esthetics Practitioner,MES 300,Simulation,Linda,"Stanley St, Windsor, ON N8X 4Z9 ",Windsor,3,placement
Advanced Medical Esthetics Practitioner,MES 300,Simulation,Sanja Livrinska,"Lesperance Rd. Tecumseh, ON N8H 1Y2; 3001 Dougall Ave., Windsor ON N9E 1S3 ",Windsor,1,placement
Advanced Medical Esthetics Practitioner,MES 300,Simulation,Brenda,"Victoria Ave. Chatham, ON N7L 3A1",Chatham,1,placement
Advanced Medical Esthetics Practitioner,MES 300,Simulation,Hali,"Essex County Rd 22 Unit/, Belle River, ON N0R 1A0 ",Belle River,1,placement
Advanced Medical Esthetics Practitioner,MES 300,Simulation,John,Tecumseh Rd E,Tecumseh,4,placement
Advanced Medical Esthetics Practitioner,MES 300,Simulation,Monique,"Walker Rd, Windsor",Windsor,2,placement
Advanced Medical Esthetics Practitioner,MES 300,Simulation,Ashley,Dougall Ave,Windsor,2,placement
Advanced Medical Esthetics Practitioner,MES 300,Simulation,0,"Main Street West, Kingsville, ON",Kingsville,2,placement
Advanced Medical Esthetics Practitioner,MES 300,Simulation,Jenny,"Sprucewood Ave, Windsor, ON N9J 1X7 ",Windsor,3,placement
Advanced Medical Esthetics Practitioner,MES 300,Simulation,Sean,"Wyandotte St. E., Windsor N8S 1M9 ",Windsor,5,placement
Advanced Medical Esthetics Practitioner,MES 300,Simulation,Slagjana,"Lanoue St, Windsor, Ontario N8N 5B5 ",Windsor,6,placement
Advanced Medical Esthetics Practitioner,MES 300,Simulation,0,"Dougall Ave, Windsor (Inside Cameo Hair Salon)",Windsor,,placement
Advanced Medical Esthetics Practitioner,MES 300,Simulation,Vanessa,"Wyandotte St E, 102 B  Windsor, OntarioN8Y 1C7",Windsor,,placement
Advanced Medical Esthetics Practitioner,MES 300,Simulation,Stella,Howard Ave Unit Windsor (Inside Bar),Windsor,,placement
Advanced Medical Esthetics Practitioner,MES 300,Simulation,Rose,"Sandwich St S, Amherstburg, ON N9V 3Z7 ",Amherstburg,,placement
Advanced Medical Esthetics Practitioner,MES 300,Simulation,Bill,"Dalhousie St #, Amherstburg, ON N9V 1W7 ",Amherstburg,,placement
Advanced Medical Esthetics Practitioner,MES 300,Simulation,Sarah/Carlie,"Tecumseh Rd E, Windsor, ON N8T 1E3 ",Windsor,,placement
Advanced Medical Esthetics Practitioner,MES 300,Simulation,0,"Hawthorne Dr Suite  Windsor, ON N8T 3N3 ",Windsor,,placement
Advanced Medical Esthetics Practitioner,MES 300,Simulation,Joanne,"Lesperance Rd, Tecumseh, ON",Tecumseh,,placement
Advanced Medical Esthetics Practitioner,MES 300,Simulation,0,"Tecumseh Rd E, Tecumseh",Tecumseh,,placement
Advanced Medical Esthetics Practitioner,MES 300,Simulation,Naveena,"Tecumseh Rd E, Windsor, ON N8N 1L8 ",Windsor,,placement
Advanced Medical Esthetics Practitioner,MES 300,Simulation,Holli,"Advance Blvd, Tecumseh, ON   N8N 0B8",Tecumseh,,placement
Advanced Medical Esthetics Practitioner,MES 300,Simulation,0,"Riverside Drive E. Windsor, ON N8S 1E1",Windsor,,placement
Advanced Medical Esthetics Practitioner,MES 300,Simulation,Alicia,"Erie St E, Windsor, ON N9A 3Y9",Windsor,,placement
Advanced Medical Esthetics Practitioner,MES 300,Simulation,0,"Forest Glade Dr, Windsor, ON N8R 1W6",Windsor,,placement
Advanced Medical Esthetics Practitioner,MES 300,Simulation,0,"Malden Rd Unit, LaSalle, ON N9H 1T5",LaSalle,,placement
Advanced Medical Esthetics Practitioner,MES 300,Simulation,0,"Dundas Street, London, ON",London,,placement
Veterinary Technician ,VET 311,,Jessica,Seymour St,Vancouver,,placement
Fitness & Health Promotion ,FHT 206,Placement,Rob,"McHugh St. Windsor, Ontario  N8S 0A1 ",Windsor,,placement
Fitness & Health Promotion ,FHT 206,Placement,Susan,Meadowbrook Lane Windsor ON,Windsor,,placement
Fitness & Health Promotion ,FHT 206,Placement,Tory,"Front Rd. Lasalle, ON",LaSalle,,placement
Fitness & Health Promotion ,FHT 206,Placement,Aline,"Talbot St North, Essex",Essex,2,placement
Fitness & Health Promotion ,FHT 206,Placement,Brenda,"First Street, Belle River, ON",Belle River,1,placement
Fitness & Health Promotion ,FHT 206,Placement,Alyssa,"Dougall Avenue, Windsor, ON",Windsor,4,placement
Fitness & Health Promotion ,FHT 206,Placement,Angela,"Howard Ave Windsor, ON N9A 1S5",Windsor,3,placement
Fitness & Health Promotion ,FHT 206,Placement,Angela,"Mill St W, Leamington, ON N8H 1S8",Leamington,1,placement
Fitness & Health Promotion ,FHT 206,Placement,Sue,"Lauzon Rd., Windsor",Windsor,1,placement
Fitness & Health Promotion ,FHT 206,Placement,Jim,"Tecumseh Rd. E Windsor, ON",Windsor,2,placement
Fitness & Health Promotion ,FHT 206,Placement,Andrew,Crawford Ave. Windsor ON,Windsor,2,placement
Fitness & Health Promotion ,FHT 206,Placement,Christie,"West End, Downtown",Vancouver,2,placement
Fitness & Health Promotion ,FHT 206,Placement,Stephanie,"Jefferson Blvd, Windsor, ON N8T 3G9",Windsor,3,placement
Fitness & Health Promotion ,FHT 206,Placement,Brandon,"Malden Rd Lasalle, ON \",LaSalle,5,placement
Fitness & Health Promotion ,FHT 206,Placement,Stacey,Tecumseh Rd E,Tecumseh,,placement
Fitness & Health Promotion ,FHT 206,Placement,Alexandria,"Quality Way, Unit, Windsor, ON. N8T 3R9",Windsor,,placement
Fitness & Health Promotion ,FHT 206,Placement,Flo,"Greenwood Plaza (Central at EC Row), Deziel Drive, Unit Windsor",Windsor,,placement
Fitness & Health Promotion ,FHT 206,Placement,Amy,"Main Street WestKingsville, Ontario N9Y 1H8",Kingsville,,placement
Fitness & Health Promotion ,FHT 206,Placement,Mike,"B, \ McAffee St S Unit, Harrow, ON N0R 1G0",Horrow,,placement
Fitness & Health Promotion ,FHT 206,Placement,Loris,Carmichael Rd Windsor ON,Windsor,,placement
Fitness & Health Promotion ,FHT 206,Placement,Faith,"Talbot St E, Leamington, ON N8H 1L3",Leamington,,placement
Fitness & Health Promotion ,FHT 206,Placement,Paul,"Walker Rd, Windsor Ontario",Windsor,,placement
Fitness & Health Promotion ,FHT 206,Placement,Janicke,"Division Road Windsor, Ontario   N8X 0A8",Windsor,,placement
Fitness & Health Promotion ,FHT 206,Placement,0,Kingsville,Kingsville,,placement
Fitness & Health Promotion ,FHT 206,Placement,0,Amherstburg,Amherstburg,,placement
Fitness & Health Promotion ,FHT 206,Placement,Jennifer,Memorial Dr. Windsor ON,Windsor,,placement
Fitness & Health Promotion ,FHT 206,Placement,Louanne,Unit Dougall Ave N8X 1T3,Windsor,,placement
Fitness & Health Promotion ,FHT 206,Placement,Justin,"McNorton St. Tecumseh, ON N8N 3Z7",Tecumseh,,placement
Fitness & Health Promotion ,FHT 206,Placement,Jeremy,"Tecumseh Rd E, Windsor, ON N8W 1C1",Windsor,,placement
Fitness & Health Promotion ,FHT 206,Placement,Christine,Talbot Rd. Windsor/9855 McHugh Street,Windsor,2,placement
Fitness & Health Promotion ,FHT 206,Placement,Sawyer,"Erie St E, Windsor, ON N9A 3Y5",Windsor,1,placement
Fitness & Health Promotion ,FHT 206,Placement,Robert,St. Clair College Windsor ON south Campus,Windsor,4,placement
Fitness & Health Promotion ,FHT 206,Placement,Matt,"Howard Ave, Windsor, ON N8X 3Y4",Windsor,1,placement
Fitness & Health Promotion ,FHT 206,Placement,Joshua,"Wyandotte St E, Windsor",Windsor,1,placement
Fitness & Health Promotion ,FHT 206,Placement,Samantha,"Grand Marais Rd W, Windsor, ON N9E 1E2",Windsor,4,placement
Fitness & Health Promotion ,FHT 206,Placement,Michelle,"8th Concession Road, Maidstone, ON N0R 1K0",Maidstone,2,placement
Fitness & Health Promotion ,FHT 206,Placement,Danielle,Sandwich St. South Amherstburg ON,Amherstburg,2,placement
Fitness & Health Promotion ,FHT 206,Placement,Nadia,Drouillard Rd. Windsor ON,Windsor,2,placement
Fitness & Health Promotion ,FHT 206,Placement,Luis,"Tecumseh Rd. East Windsor,ON",Windsor,3,placement
Fitness & Health Promotion ,FHT 206,Placement,Toula,"Tecumseh Rd E, Windsor, ON N8X 2S",Windsor,5,placement
Fitness & Health Promotion ,FHT 206,Placement,Emily,"LaSalle, ON ",LaSalle,6,placement
Fitness & Health Promotion ,FHT 206,Placement,Jill,various sites in Windsor,Windsor,,placement
Fitness & Health Promotion ,FHT 206,Placement,Kim,Laramie St. ,Tecumseh,,placement
Fitness & Health Promotion ,FHT 206,Placement,Mat,"Forest St. Chatham , ON",Chatham,,placement
Fitness & Health Promotion ,FHT 206,Placement,Aaron,"Grand Ave. W, Chatham, ON",Chatham,,placement
Fitness & Health Promotion ,FHT 206,Placement,Sandi,"Richmond St. Chatham, ON",Chatham,,placement
,,,0,"Courthouse Lane Chatham, ON",Chatham,,placement
Mechanical Engineering Technology - Automotive Product Design,MET 1500 ,Co-op,Kiki,"Rhodes Drive | Windsor, ON, N8W 5B3 ",Windsor,,
Mechanical Engineering Technology - Automotive Product Design,MET 1500,Co-op,Jeff,"Outer Drive, Oldcastle Ontario N9G 0C3",Oldcastle,,
Mechanical Engineering Technology - Automotive Product Design,MET 1500,Co-op,Tyler,"Patillo Rd, Windsor, ON  N8N 2L9",Windsor,,
Mechanical Engineering Technology - Automotive Product Design,MET 1500,Co-op,Vanessa,"Autoliv Dr, Tilbury ON N0P 2L0",Tilbury,,
Mechanical Engineering Technology - Automotive Product Design,MET 1500,Co-op,Inna,"Delduca Dr, Oldcastle ON N0R1L0",Oldcaste,,
Mechanical Engineering Technology - Automotive Product Design,MET 1500,Co-op,Shawn,"Sprucewood, Windsor ON N9C 0B3",Windsor,,
Mechanical Engineering Technology - Automotive Product Design,MET 1500,Co-op,Jennifer,"Jutras Dr S, Windsor ON N8N 5C5 ",Windsor,,
Mechanical Engineering Technology - Automotive Product Design,MET 1500,Co-op,Tia,"Wheelton Dr, Windsor Ontario N8W 5A7",Windsor,,
Mechanical Engineering Technology - Automotive Product Design,MET 1500,Co-op,Judy,"Morton Dr. Windsor, ON",Windsor,,
Mechanical Engineering Technology - Automotive Product Design,MET 1500,Co-op,Joe,"Central Ave, Windsor ON N8W 4J3",Windsor,,
Mechanical Engineering Technology - Automotive Product Design,MET 1500,Co-op,Jessica,"Jutras Dr S, Windsor ON N8N 5C4",Windsor,,
Mechanical Engineering Technology - Automotive Product Design,MET 1500,Co-op,0,"Blackacre Dr, Maidstone ON N0R1K0 ",Maidstone,,
Mechanical Engineering Technology - Automotive Product Design,MET 1500,Co-op,Andrea,"Tecumseh Rd E, Windsor ON N8T 1B7",Windsor,,
Mechanical Engineering Technology - Automotive Product Design,MET 1500,Co-op,Dave,"Devonshire Road, Windsor ON N8Y 4T6",Windsor,,
Mechanical Engineering Technology - Automotive Product Design,MET 1500,Co-op,Heiko,"Twin Oaks Drive, Windsor ON N8N 5B8",Windsor,,
Mechanical Engineering Technology - Automotive Product Design,MET 1500,Co-op,Roxanne,"Morton Industrial Parkway, Lasalle, ON N9J 3W2",Lasalle,,
Mechanical Engineering Technology - Automotive Product Design,MET 1500,Co-op,Annabelle,"Seneca Rd, Leamington ON N8H5P2",Leamington,,
Mechanical Engineering Technology - Automotive Product Design,MET 1500,Co-op,Rebecca,Victoria Ave. North In Leamington,Leamington,,
Mechanical Engineering Technology - Automotive Product Design,MET 1500,Co-op,Gaurav,"Olympia Drive, Old Castle, Ontario, N0R1L0 ",Old Castle,,
Mechanical Engineering Technology - Automotive Product Design,MET 1500,Co-op,Dave,Silver Creek Industrial Drive,Lakeshore,,
Mechanical Engineering Technology - Automotive Product Design,MET 1500,Co-op,Justin,"Queen’s Line , Tilbury , ON N0P 2L0",Tilbury,,
Mechanical Engineering Technology - Automotive Product Design,MET 1500,Co-op,Andrew,"Doty Place, Windsor Ontario N8X 2W5",Windsor,,
Mechanical Engineering Technology - Automotive Product Design,MET 1500,Co-op,Matt,"Burke St, Oldcastle ON N9G 0B9",Old Castle,,
Mechanical Engineering Technology - Automotive Product Design,MET 1500,Co-op,Gary,"Central Ave, Windsor ON N8W 4J5",Windsor,,
Mechanical Engineering Technology - Automotive Product Design,MET 1500,Co-op,Italo,Rhodes Dr Unit ,Windsor,,
Mechanical Engineering Technology - Automotive Product Design,MET 1500,Co-op,Mike,"Patillo Road, Tecumseh ON",Tecumseh,,
Mechanical Engineering Technology - Automotive Product Design,MET 1500,Co-op,Mari,"Marentette Ave, Windsor ON",Windsor,,
Mechanical Engineering Technology - Automotive Product Design,MET 1500,Co-op,Kevin,"Riberdy Road, Windsor Ontario",Windsor,,
Mechanical Engineering Technology - Automotive Product Design,MET 1500,Co-op,Tanya,"O'Neil Dr, Oldcastle ON",Oldcastle,,
Mechanical Engineering Technology - Automotive Product Design,MET 1500,Co-op,Andrew,"Kautex Dr, Windsor ON",Windsor,,
Mechanical Engineering Technology - Automotive Product Design,MET 1500,Co-op,Sandra,"Centre Street Rodney, ON ",Rodney,,
Mechanical Engineering Technology - Automotive Product Design,MET 1500,Co-op,Rudy,"O'Neil Dr, Oldcastle ON N0R1L0",Old castle,,
Mechanical Engineering Technology - Automotive Product Design,MET 1500,Co-op,Andy,"Silver Creek Industrial Dr,",Lakeshore,,
Mechanical Engineering Technology - Automotive Product Design,MET 1500,Co-op,Nada,"Valtec Crt, Windsor ON ",Windsor,,
Mechanical Engineering Technology - Automotive Product Design,MET 1500,Co-op,Tara,"Twin Oaks Dr, WINDSOR",Windsor,,
Mechanical Engineering Technology - Automotive Product Design,MET 1500,Co-op,Robert,"Pulleybank St, Oldcastle ON",Old Castle,,
Mechanical Engineering Technology - Automotive Product Design,MET 1500,Co-op,Veronica,"Huron Church Rd. Unit Windsor, ON N9C 2L8",Windsor,,
Mechanical Engineering Technology - Automotive Product Design,MET 1500,Co-op,Alexandra,"Moynahan Drive, Oldcastle, ON N0R 1L0",Oldcastle,,
Mechanical Engineering Technology - Automotive Product Design,MET 1500,Co-op,Tom,"East Pike Creek Road,",Lakeshore,,
Mechanical Engineering Technology - Automotive Product Design,MET 1500,Co-op,Danielle,Solar Crescent,Tecumseh,,
Mechanical Engineering Technology - Automotive Product Design,MET 1500,Co-op,Lisa,Morton Industrial Parkway,Windsor,,
Mechanical Engineering Technology - Automotive Product Design,MET 1500,Co-op,Dhar," Southgate Drive, Guelph, Ontario,",Guelph,,
Mechanical Engineering Technology - Automotive Product Design,MET 1500,Co-op,Scott,N. Service Road E.,Windsor,,
Mechanical Engineering Technology - Automotive Product Design,MET 1500,Co-op,Louis,"Rhodes Dr, Suite  Windsor, Ontario",Windsor,,
Mechanical Engineering Technology - Automotive Product Design,MET 1500,Co-op,Krystia,"Sylvestre Drive, Tecumseh ",Tecumseh,,
Mechanical Engineering Technology - Automotive Product Design,MET 1500,Co-op,Chris,"Deziel Dr, Windsor ON",Windsor,,
Mechanical Engineering Technology - Automotive Product Design,MET 1500,Co-op,Jake,"Seneca Dr, Leamington ON",Leamington,,
Mechanical Engineering Technology - Automotive Product Design,MET 1500,Co-op,Laura,"St Etienne Blvd, Windsor ON",Windsor,,
Mechanical Engineering Technology - Automotive Product Design,MET 1500,Co-op,Nathan,"Halford Drive, Oldcastle ON",Old Castle,,
Mechanical Engineering Technology - Automotive Product Design,MET 1500,Co-op,0,"Sprucewood Ave, Windsor, Ontario, N9C 0B3",Windsor,,
Mechanical Engineering Technology - Automotive Product Design,MET 1500,Co-op,Anna,"Burke St., OldCastle, ON",OldCastle,,
Mechanical Engineering Technology - Automotive Product Design,MET 1500,Co-op,Adam,"Ouellette Ave, Windsor ON",Windsor,,
Mechanical Engineering Technology - Automotive Product Design,MET 1500,Co-op,Dillon,"Patillo Rd, Windsor",Windsor,,
Mechanical Engineering Technology - Automotive Product Design,MET 1500,Co-op,Mary,"Highway 77, Leamington ON",Leamington,,
Mechanical Engineering Technology - Automotive Product Design,MET 1500,Co-op,Joel,"Moro Dr, Windsor ON",Windsor,,
Mechanical Engineering Technology - Automotive Product Design,MET 1500,Co-op,Todd,"Park Ave E, CHATHAM ONTARIO",Chatham,,
Mechanical Engineering Technology - Automotive Product Design,MET 1500,Co-op,Phil,"Huron Church Rd Unit , WINDSOR ONTARIO ",Windsor,,
Mechanical Engineering Technology - Automotive Product Design,MET 1500,Co-op,Mark,"Smith Industrial Dr, McGregor,",McGregor,,
Mechanical Engineering Technology - Automotive Product Design,MET 1500,Co-op,Jeannine,"Malden Rd, Windsor ON N9C 2G4",Windsor,,
Mechanical Engineering Technology - Automotive Product Design,MET 1500,Co-op,Michael,"Munich Crt, Windsor ON N8N 5G2",Windsor,,
